data,product,store,quanty_sold,value
11/30/2023,drill,error: Field 'my_field' not found,11,56
12/29/2023,paintbrush,error: Field 'my_field' not found,18,20
11/4/2023,nails,error: Field 'my_field' not found,12,46
5/5/2023,saw,error: Field 'my_field' not found,15,18
11/16/2023,nails,error: Field 'my_field' not found,6,18
7/16/2023,screwdriver,error: Field 'my_field' not found,2,72
6/6/2023,tape measure,error: Field 'my_field' not found,4,46
9/28/2023,drill,error: Field 'my_field' not found,15,73
7/29/2023,hammer,error: Field 'my_field' not found,13,79
8/11/2023,drill,error: Field 'my_field' not found,19,25
12/26/2023,paintbrush,error: Field 'my_field' not found,19,76
4/27/2023,saw,error: Field 'my_field' not found,14,5
2/5/2024,level,error: Field 'my_field' not found,16,35
8/6/2023,hammer,error: Field 'my_field' not found,18,51
7/2/2023,level,error: Field 'my_field' not found,5,13
8/28/2023,level,error: Field 'my_field' not found,19,26
7/10/2023,screwdriver,error: Field 'my_field' not found,4,3
1/26/2024,nails,error: Field 'my_field' not found,9,49
1/3/2024,nails,error: Field 'my_field' not found,19,56
8/25/2023,pliers,error: Field 'my_field' not found,2,96
10/20/2023,level,error: Field 'my_field' not found,4,28
3/27/2023,pliers,error: Field 'my_field' not found,2,10
8/10/2023,screwdriver,error: Field 'my_field' not found,15,19
8/19/2023,tape measure,error: Field 'my_field' not found,20,85
6/26/2023,nails,error: Field 'my_field' not found,9,55
11/7/2023,saw,error: Field 'my_field' not found,13,73
2/5/2024,saw,error: Field 'my_field' not found,9,78
1/21/2024,nails,error: Field 'my_field' not found,7,2
8/26/2023,level,error: Field 'my_field' not found,10,39
1/19/2024,drill,error: Field 'my_field' not found,14,25
4/30/2023,drill,error: Field 'my_field' not found,9,38
10/10/2023,hammer,error: Field 'my_field' not found,18,7
11/1/2023,paintbrush,error: Field 'my_field' not found,13,47
4/11/2023,pliers,error: Field 'my_field' not found,14,47
12/20/2023,tape measure,error: Field 'my_field' not found,20,68
3/14/2023,drill,error: Field 'my_field' not found,6,32
2/24/2023,pliers,error: Field 'my_field' not found,12,65
4/23/2023,tape measure,error: Field 'my_field' not found,3,7
6/25/2023,drill,error: Field 'my_field' not found,19,1
10/1/2023,hammer,error: Field 'my_field' not found,11,62
8/30/2023,saw,error: Field 'my_field' not found,1,64
9/3/2023,nails,error: Field 'my_field' not found,1,23
2/15/2024,drill,error: Field 'my_field' not found,18,31
3/17/2023,saw,error: Field 'my_field' not found,8,23
11/3/2023,drill,error: Field 'my_field' not found,4,65
1/6/2024,saw,error: Field 'my_field' not found,2,62
11/3/2023,drill,error: Field 'my_field' not found,7,55
6/14/2023,drill,error: Field 'my_field' not found,6,86
1/2/2024,paintbrush,error: Field 'my_field' not found,15,53
10/29/2023,nails,error: Field 'my_field' not found,18,63
11/3/2023,paintbrush,error: Field 'my_field' not found,9,3
4/16/2023,tape measure,error: Field 'my_field' not found,2,83
2/24/2023,saw,error: Field 'my_field' not found,19,52
7/2/2023,pliers,error: Field 'my_field' not found,5,74
10/19/2023,paintbrush,error: Field 'my_field' not found,13,11
5/15/2023,drill,error: Field 'my_field' not found,16,87
9/21/2023,pliers,error: Field 'my_field' not found,9,96
9/24/2023,saw,error: Field 'my_field' not found,18,22
6/4/2023,level,error: Field 'my_field' not found,18,16
6/3/2023,tape measure,error: Field 'my_field' not found,14,84
4/26/2023,level,error: Field 'my_field' not found,13,36
8/4/2023,hammer,error: Field 'my_field' not found,3,97
5/17/2023,level,error: Field 'my_field' not found,1,63
5/5/2023,pliers,error: Field 'my_field' not found,20,68
11/3/2023,pliers,error: Field 'my_field' not found,16,77
2/9/2023,tape measure,error: Field 'my_field' not found,15,49
10/25/2023,level,error: Field 'my_field' not found,1,13
7/23/2023,saw,error: Field 'my_field' not found,3,90
2/17/2023,saw,error: Field 'my_field' not found,11,9
1/1/2024,saw,error: Field 'my_field' not found,11,65
8/3/2023,nails,error: Field 'my_field' not found,14,54
8/28/2023,drill,error: Field 'my_field' not found,4,85
6/5/2023,hammer,error: Field 'my_field' not found,14,34
7/19/2023,tape measure,error: Field 'my_field' not found,1,53
3/4/2023,saw,error: Field 'my_field' not found,8,24
10/27/2023,drill,error: Field 'my_field' not found,9,87
4/27/2023,tape measure,error: Field 'my_field' not found,5,61
5/30/2023,tape measure,error: Field 'my_field' not found,5,5
8/27/2023,saw,error: Field 'my_field' not found,8,11
7/13/2023,pliers,error: Field 'my_field' not found,7,34
10/11/2023,wrench,error: Field 'my_field' not found,19,41
4/7/2023,level,error: Field 'my_field' not found,17,77
4/24/2023,paintbrush,error: Field 'my_field' not found,11,86
2/16/2024,nails,error: Field 'my_field' not found,13,27
5/23/2023,nails,error: Field 'my_field' not found,14,92
6/4/2023,tape measure,error: Field 'my_field' not found,1,84
2/2/2024,saw,error: Field 'my_field' not found,8,30
5/30/2023,wrench,error: Field 'my_field' not found,13,56
11/24/2023,nails,error: Field 'my_field' not found,8,94
6/22/2023,saw,error: Field 'my_field' not found,17,66
11/24/2023,pliers,error: Field 'my_field' not found,16,29
2/16/2023,drill,error: Field 'my_field' not found,7,48
10/24/2023,pliers,error: Field 'my_field' not found,14,90
4/12/2023,wrench,error: Field 'my_field' not found,17,58
11/7/2023,screwdriver,error: Field 'my_field' not found,20,11
5/20/2023,level,error: Field 'my_field' not found,18,97
7/13/2023,nails,error: Field 'my_field' not found,17,96
2/18/2023,saw,error: Field 'my_field' not found,10,5
7/11/2023,drill,error: Field 'my_field' not found,2,100
5/24/2023,level,error: Field 'my_field' not found,20,11
8/2/2023,pliers,error: Field 'my_field' not found,9,30
10/18/2023,tape measure,error: Field 'my_field' not found,8,20
11/11/2023,level,error: Field 'my_field' not found,11,39
8/5/2023,tape measure,error: Field 'my_field' not found,13,87
3/6/2023,nails,error: Field 'my_field' not found,13,14
9/25/2023,paintbrush,error: Field 'my_field' not found,20,59
1/26/2024,screwdriver,error: Field 'my_field' not found,18,24
7/11/2023,drill,error: Field 'my_field' not found,5,73
7/28/2023,level,error: Field 'my_field' not found,7,99
2/2/2024,wrench,error: Field 'my_field' not found,10,98
8/29/2023,hammer,error: Field 'my_field' not found,17,93
8/2/2023,screwdriver,error: Field 'my_field' not found,5,13
2/24/2023,nails,error: Field 'my_field' not found,8,46
6/18/2023,tape measure,error: Field 'my_field' not found,16,57
10/1/2023,tape measure,error: Field 'my_field' not found,8,47
2/24/2023,drill,error: Field 'my_field' not found,6,99
2/29/2024,paintbrush,error: Field 'my_field' not found,20,92
2/13/2024,tape measure,error: Field 'my_field' not found,15,94
11/23/2023,drill,error: Field 'my_field' not found,13,63
6/8/2023,tape measure,error: Field 'my_field' not found,4,2
10/24/2023,screwdriver,error: Field 'my_field' not found,2,82
10/9/2023,pliers,error: Field 'my_field' not found,6,7
9/6/2023,pliers,error: Field 'my_field' not found,3,15
3/22/2023,pliers,error: Field 'my_field' not found,8,37
8/18/2023,paintbrush,error: Field 'my_field' not found,14,30
8/17/2023,pliers,error: Field 'my_field' not found,6,64
3/7/2023,tape measure,error: Field 'my_field' not found,18,81
8/25/2023,paintbrush,error: Field 'my_field' not found,17,57
7/20/2023,drill,error: Field 'my_field' not found,13,2
4/26/2023,drill,error: Field 'my_field' not found,13,60
2/6/2023,paintbrush,error: Field 'my_field' not found,13,1
4/5/2023,hammer,error: Field 'my_field' not found,17,92
5/1/2023,tape measure,error: Field 'my_field' not found,10,28
4/29/2023,drill,error: Field 'my_field' not found,8,47
2/19/2024,paintbrush,error: Field 'my_field' not found,12,54
1/3/2024,tape measure,error: Field 'my_field' not found,15,91
8/19/2023,drill,error: Field 'my_field' not found,15,75
5/22/2023,paintbrush,error: Field 'my_field' not found,18,51
8/31/2023,saw,error: Field 'my_field' not found,7,74
10/13/2023,saw,error: Field 'my_field' not found,2,75
1/23/2024,tape measure,error: Field 'my_field' not found,7,8
4/11/2023,screwdriver,error: Field 'my_field' not found,15,38
2/17/2024,tape measure,error: Field 'my_field' not found,3,86
8/3/2023,saw,error: Field 'my_field' not found,2,85
1/20/2024,drill,error: Field 'my_field' not found,15,32
3/30/2023,saw,error: Field 'my_field' not found,10,17
8/25/2023,level,error: Field 'my_field' not found,14,51
5/30/2023,nails,error: Field 'my_field' not found,17,54
2/15/2023,pliers,error: Field 'my_field' not found,20,29
4/18/2023,saw,error: Field 'my_field' not found,6,71
11/26/2023,wrench,error: Field 'my_field' not found,14,51
4/29/2023,level,error: Field 'my_field' not found,17,70
11/4/2023,screwdriver,error: Field 'my_field' not found,14,3
2/15/2023,tape measure,error: Field 'my_field' not found,4,49
11/15/2023,paintbrush,error: Field 'my_field' not found,5,74
5/31/2023,paintbrush,error: Field 'my_field' not found,2,57
3/19/2023,drill,error: Field 'my_field' not found,16,71
2/12/2023,screwdriver,error: Field 'my_field' not found,16,13
1/17/2024,tape measure,error: Field 'my_field' not found,1,92
5/19/2023,tape measure,error: Field 'my_field' not found,17,36
11/4/2023,pliers,error: Field 'my_field' not found,2,89
4/14/2023,nails,error: Field 'my_field' not found,17,73
11/7/2023,screwdriver,error: Field 'my_field' not found,19,55
4/5/2023,nails,error: Field 'my_field' not found,2,17
6/2/2023,pliers,error: Field 'my_field' not found,15,5
1/28/2024,tape measure,error: Field 'my_field' not found,14,73
1/22/2024,tape measure,error: Field 'my_field' not found,9,11
8/16/2023,pliers,error: Field 'my_field' not found,16,75
6/29/2023,hammer,error: Field 'my_field' not found,5,23
7/30/2023,drill,error: Field 'my_field' not found,18,2
2/11/2023,saw,error: Field 'my_field' not found,18,55
3/5/2023,hammer,error: Field 'my_field' not found,18,32
10/3/2023,level,error: Field 'my_field' not found,12,36
8/17/2023,hammer,error: Field 'my_field' not found,14,39
2/22/2023,tape measure,error: Field 'my_field' not found,19,79
4/10/2023,paintbrush,error: Field 'my_field' not found,9,42
5/11/2023,tape measure,error: Field 'my_field' not found,13,67
1/2/2024,paintbrush,error: Field 'my_field' not found,7,88
10/14/2023,drill,error: Field 'my_field' not found,19,53
8/10/2023,screwdriver,error: Field 'my_field' not found,1,24
4/11/2023,saw,error: Field 'my_field' not found,5,36
10/15/2023,saw,error: Field 'my_field' not found,11,57
12/23/2023,tape measure,error: Field 'my_field' not found,8,30
2/2/2024,saw,error: Field 'my_field' not found,16,24
11/13/2023,tape measure,error: Field 'my_field' not found,1,51
10/13/2023,pliers,error: Field 'my_field' not found,8,57
7/21/2023,saw,error: Field 'my_field' not found,16,77
7/17/2023,tape measure,error: Field 'my_field' not found,12,50
2/14/2024,paintbrush,error: Field 'my_field' not found,15,29
2/10/2023,pliers,error: Field 'my_field' not found,3,17
3/12/2023,saw,error: Field 'my_field' not found,8,82
3/25/2023,drill,error: Field 'my_field' not found,12,33
2/2/2023,paintbrush,error: Field 'my_field' not found,14,45
9/16/2023,screwdriver,error: Field 'my_field' not found,6,58
2/21/2023,nails,error: Field 'my_field' not found,5,17
6/6/2023,hammer,error: Field 'my_field' not found,7,8
4/12/2023,screwdriver,error: Field 'my_field' not found,14,45
5/15/2023,level,error: Field 'my_field' not found,19,33
9/2/2023,screwdriver,error: Field 'my_field' not found,15,70
5/4/2023,paintbrush,error: Field 'my_field' not found,13,26
6/9/2023,tape measure,error: Field 'my_field' not found,10,68
10/6/2023,drill,error: Field 'my_field' not found,3,89
12/23/2023,hammer,error: Field 'my_field' not found,7,1
3/7/2023,paintbrush,error: Field 'my_field' not found,9,65
6/20/2023,screwdriver,error: Field 'my_field' not found,4,6
11/1/2023,level,error: Field 'my_field' not found,10,25
1/28/2024,saw,error: Field 'my_field' not found,4,82
8/11/2023,drill,error: Field 'my_field' not found,13,87
7/12/2023,tape measure,error: Field 'my_field' not found,7,40
2/11/2024,pliers,error: Field 'my_field' not found,11,100
4/6/2023,drill,error: Field 'my_field' not found,13,79
9/5/2023,level,error: Field 'my_field' not found,16,21
4/23/2023,saw,error: Field 'my_field' not found,13,3
2/28/2023,pliers,error: Field 'my_field' not found,20,1
4/15/2023,pliers,error: Field 'my_field' not found,5,30
4/20/2023,screwdriver,error: Field 'my_field' not found,17,69
9/10/2023,tape measure,error: Field 'my_field' not found,11,63
6/30/2023,level,error: Field 'my_field' not found,11,69
7/23/2023,tape measure,error: Field 'my_field' not found,2,91
7/5/2023,wrench,error: Field 'my_field' not found,11,55
11/2/2023,saw,error: Field 'my_field' not found,5,22
2/19/2023,drill,error: Field 'my_field' not found,10,93
8/8/2023,nails,error: Field 'my_field' not found,13,8
9/8/2023,paintbrush,error: Field 'my_field' not found,3,78
7/8/2023,level,error: Field 'my_field' not found,1,54
6/11/2023,screwdriver,error: Field 'my_field' not found,18,73
8/29/2023,saw,error: Field 'my_field' not found,3,65
6/10/2023,pliers,error: Field 'my_field' not found,8,91
2/9/2024,tape measure,error: Field 'my_field' not found,15,62
9/11/2023,drill,error: Field 'my_field' not found,20,58
6/1/2023,drill,error: Field 'my_field' not found,12,19
11/11/2023,level,error: Field 'my_field' not found,8,96
5/6/2023,tape measure,error: Field 'my_field' not found,15,45
9/24/2023,saw,error: Field 'my_field' not found,15,52
11/21/2023,drill,error: Field 'my_field' not found,14,13
3/28/2023,paintbrush,error: Field 'my_field' not found,19,56
8/27/2023,nails,error: Field 'my_field' not found,19,41
6/25/2023,drill,error: Field 'my_field' not found,18,19
11/9/2023,paintbrush,error: Field 'my_field' not found,3,16
1/22/2024,tape measure,error: Field 'my_field' not found,12,86
3/15/2023,hammer,error: Field 'my_field' not found,4,23
5/4/2023,saw,error: Field 'my_field' not found,1,30
9/30/2023,level,error: Field 'my_field' not found,11,49
12/7/2023,saw,error: Field 'my_field' not found,13,70
9/2/2023,nails,error: Field 'my_field' not found,19,100
6/11/2023,tape measure,error: Field 'my_field' not found,5,75
5/20/2023,drill,error: Field 'my_field' not found,12,4
3/4/2023,tape measure,error: Field 'my_field' not found,9,18
6/12/2023,saw,error: Field 'my_field' not found,17,91
11/8/2023,tape measure,error: Field 'my_field' not found,14,85
3/23/2023,drill,error: Field 'my_field' not found,2,39
4/9/2023,nails,error: Field 'my_field' not found,6,30
2/18/2024,nails,error: Field 'my_field' not found,6,40
4/26/2023,screwdriver,error: Field 'my_field' not found,18,19
4/17/2023,saw,error: Field 'my_field' not found,16,32
8/6/2023,saw,error: Field 'my_field' not found,5,33
11/2/2023,level,error: Field 'my_field' not found,5,46
11/10/2023,level,error: Field 'my_field' not found,11,87
5/10/2023,screwdriver,error: Field 'my_field' not found,10,82
2/14/2023,saw,error: Field 'my_field' not found,8,36
4/21/2023,screwdriver,error: Field 'my_field' not found,18,35
11/24/2023,saw,error: Field 'my_field' not found,5,80
2/1/2023,paintbrush,error: Field 'my_field' not found,3,66
1/25/2024,tape measure,error: Field 'my_field' not found,14,88
2/10/2023,nails,error: Field 'my_field' not found,4,30
12/28/2023,drill,error: Field 'my_field' not found,11,69
6/5/2023,pliers,error: Field 'my_field' not found,20,48
8/10/2023,drill,error: Field 'my_field' not found,9,1
5/8/2023,drill,error: Field 'my_field' not found,8,100
8/15/2023,wrench,error: Field 'my_field' not found,20,64
7/18/2023,saw,error: Field 'my_field' not found,20,53
1/14/2024,pliers,error: Field 'my_field' not found,17,43
9/14/2023,tape measure,error: Field 'my_field' not found,12,49
8/10/2023,nails,error: Field 'my_field' not found,2,14
6/8/2023,pliers,error: Field 'my_field' not found,10,27
11/17/2023,drill,error: Field 'my_field' not found,3,82
10/19/2023,drill,error: Field 'my_field' not found,1,18
7/30/2023,paintbrush,error: Field 'my_field' not found,20,92
11/19/2023,paintbrush,error: Field 'my_field' not found,2,90
9/22/2023,tape measure,error: Field 'my_field' not found,13,31
6/12/2023,screwdriver,error: Field 'my_field' not found,3,53
11/28/2023,saw,error: Field 'my_field' not found,7,38
2/27/2023,saw,error: Field 'my_field' not found,13,66
11/22/2023,tape measure,error: Field 'my_field' not found,1,9
6/22/2023,level,error: Field 'my_field' not found,11,1
1/13/2024,saw,error: Field 'my_field' not found,11,77
6/10/2023,pliers,error: Field 'my_field' not found,8,81
6/16/2023,saw,error: Field 'my_field' not found,13,77
12/5/2023,pliers,error: Field 'my_field' not found,6,48
5/24/2023,drill,error: Field 'my_field' not found,8,39
4/2/2023,paintbrush,error: Field 'my_field' not found,6,67
9/23/2023,wrench,error: Field 'my_field' not found,19,41
3/17/2023,drill,error: Field 'my_field' not found,7,93
11/6/2023,drill,error: Field 'my_field' not found,7,45
3/19/2023,drill,error: Field 'my_field' not found,6,18
2/22/2023,paintbrush,error: Field 'my_field' not found,11,90
12/23/2023,screwdriver,error: Field 'my_field' not found,17,53
1/26/2024,saw,error: Field 'my_field' not found,12,10
6/22/2023,tape measure,error: Field 'my_field' not found,18,88
7/29/2023,nails,error: Field 'my_field' not found,14,65
5/12/2023,hammer,error: Field 'my_field' not found,2,23
9/6/2023,level,error: Field 'my_field' not found,4,93
1/3/2024,tape measure,error: Field 'my_field' not found,11,30
11/23/2023,nails,error: Field 'my_field' not found,4,84
3/11/2023,level,error: Field 'my_field' not found,18,59
4/20/2023,paintbrush,error: Field 'my_field' not found,15,20
5/13/2023,nails,error: Field 'my_field' not found,20,24
8/29/2023,screwdriver,error: Field 'my_field' not found,5,71
10/4/2023,tape measure,error: Field 'my_field' not found,4,96
12/20/2023,nails,error: Field 'my_field' not found,17,79
9/14/2023,nails,error: Field 'my_field' not found,15,35
9/8/2023,drill,error: Field 'my_field' not found,18,13
10/25/2023,drill,error: Field 'my_field' not found,19,4
2/4/2023,tape measure,error: Field 'my_field' not found,12,61
2/7/2023,tape measure,error: Field 'my_field' not found,5,4
8/24/2023,drill,error: Field 'my_field' not found,17,57
9/2/2023,wrench,error: Field 'my_field' not found,7,31
12/15/2023,drill,error: Field 'my_field' not found,15,28
1/2/2024,pliers,error: Field 'my_field' not found,17,80
9/26/2023,drill,error: Field 'my_field' not found,9,17
11/16/2023,level,error: Field 'my_field' not found,13,63
3/10/2023,hammer,error: Field 'my_field' not found,5,60
2/6/2023,pliers,error: Field 'my_field' not found,16,84
5/31/2023,saw,error: Field 'my_field' not found,10,46
12/7/2023,nails,error: Field 'my_field' not found,4,44
8/26/2023,hammer,error: Field 'my_field' not found,16,5
7/31/2023,drill,error: Field 'my_field' not found,7,74
11/4/2023,drill,error: Field 'my_field' not found,2,60
12/19/2023,hammer,error: Field 'my_field' not found,3,85
12/24/2023,saw,error: Field 'my_field' not found,1,59
8/5/2023,hammer,error: Field 'my_field' not found,4,39
4/15/2023,tape measure,error: Field 'my_field' not found,11,85
1/8/2024,nails,error: Field 'my_field' not found,19,71
7/25/2023,saw,error: Field 'my_field' not found,3,58
11/6/2023,tape measure,error: Field 'my_field' not found,13,19
8/25/2023,nails,error: Field 'my_field' not found,4,20
2/7/2024,wrench,error: Field 'my_field' not found,3,94
2/19/2023,tape measure,error: Field 'my_field' not found,9,26
12/8/2023,level,error: Field 'my_field' not found,8,6
8/2/2023,wrench,error: Field 'my_field' not found,11,3
8/23/2023,level,error: Field 'my_field' not found,16,49
6/11/2023,saw,error: Field 'my_field' not found,9,22
8/16/2023,saw,error: Field 'my_field' not found,19,35
8/25/2023,paintbrush,error: Field 'my_field' not found,14,49
1/15/2024,drill,error: Field 'my_field' not found,10,57
10/16/2023,drill,error: Field 'my_field' not found,20,91
2/12/2023,saw,error: Field 'my_field' not found,1,25
3/5/2023,saw,error: Field 'my_field' not found,20,8
1/11/2024,drill,error: Field 'my_field' not found,18,47
3/27/2023,nails,error: Field 'my_field' not found,4,78
3/29/2023,nails,error: Field 'my_field' not found,10,28
8/30/2023,pliers,error: Field 'my_field' not found,7,11
9/26/2023,hammer,error: Field 'my_field' not found,2,55
2/7/2023,hammer,error: Field 'my_field' not found,7,78
1/8/2024,tape measure,error: Field 'my_field' not found,13,43
8/26/2023,screwdriver,error: Field 'my_field' not found,8,12
2/24/2023,saw,error: Field 'my_field' not found,16,71
11/16/2023,paintbrush,error: Field 'my_field' not found,1,77
8/22/2023,tape measure,error: Field 'my_field' not found,10,22
8/14/2023,nails,error: Field 'my_field' not found,16,53
1/8/2024,saw,error: Field 'my_field' not found,4,64
3/17/2023,tape measure,error: Field 'my_field' not found,4,37
4/29/2023,tape measure,error: Field 'my_field' not found,19,11
2/27/2023,tape measure,error: Field 'my_field' not found,20,69
2/9/2024,paintbrush,error: Field 'my_field' not found,20,64
8/30/2023,nails,error: Field 'my_field' not found,9,71
4/2/2023,paintbrush,error: Field 'my_field' not found,6,93
2/12/2024,tape measure,error: Field 'my_field' not found,2,79
3/17/2023,level,error: Field 'my_field' not found,12,21
11/11/2023,paintbrush,error: Field 'my_field' not found,16,58
1/10/2024,nails,error: Field 'my_field' not found,6,23
7/29/2023,pliers,error: Field 'my_field' not found,15,48
3/7/2023,screwdriver,error: Field 'my_field' not found,3,47
7/18/2023,hammer,error: Field 'my_field' not found,11,23
5/14/2023,drill,error: Field 'my_field' not found,19,53
3/15/2023,paintbrush,error: Field 'my_field' not found,12,73
2/10/2024,wrench,error: Field 'my_field' not found,10,78
7/2/2023,screwdriver,error: Field 'my_field' not found,2,32
6/14/2023,paintbrush,error: Field 'my_field' not found,12,10
10/29/2023,nails,error: Field 'my_field' not found,3,91
10/13/2023,saw,error: Field 'my_field' not found,9,26
9/24/2023,nails,error: Field 'my_field' not found,9,20
10/28/2023,nails,error: Field 'my_field' not found,4,39
8/24/2023,drill,error: Field 'my_field' not found,8,73
10/19/2023,nails,error: Field 'my_field' not found,1,4
11/4/2023,drill,error: Field 'my_field' not found,2,15
2/12/2023,nails,error: Field 'my_field' not found,17,26
7/5/2023,pliers,error: Field 'my_field' not found,5,43
10/2/2023,pliers,error: Field 'my_field' not found,18,97
8/16/2023,pliers,error: Field 'my_field' not found,14,59
7/13/2023,level,error: Field 'my_field' not found,11,50
2/21/2024,pliers,error: Field 'my_field' not found,5,66
11/11/2023,wrench,error: Field 'my_field' not found,13,63
5/9/2023,pliers,error: Field 'my_field' not found,2,75
3/25/2023,level,error: Field 'my_field' not found,14,89
10/11/2023,pliers,error: Field 'my_field' not found,10,25
2/17/2023,wrench,error: Field 'my_field' not found,17,90
12/24/2023,tape measure,error: Field 'my_field' not found,8,95
8/5/2023,tape measure,error: Field 'my_field' not found,12,3
1/12/2024,nails,error: Field 'my_field' not found,12,18
8/21/2023,saw,error: Field 'my_field' not found,4,89
12/10/2023,tape measure,error: Field 'my_field' not found,14,62
7/29/2023,paintbrush,error: Field 'my_field' not found,20,96
1/3/2024,pliers,error: Field 'my_field' not found,16,27
9/30/2023,drill,error: Field 'my_field' not found,16,43
2/29/2024,saw,error: Field 'my_field' not found,17,16
4/19/2023,drill,error: Field 'my_field' not found,5,46
4/2/2023,tape measure,error: Field 'my_field' not found,4,37
5/28/2023,pliers,error: Field 'my_field' not found,16,66
6/15/2023,tape measure,error: Field 'my_field' not found,16,60
1/11/2024,saw,error: Field 'my_field' not found,16,56
1/5/2024,saw,error: Field 'my_field' not found,3,35
6/21/2023,paintbrush,error: Field 'my_field' not found,4,45
3/5/2023,nails,error: Field 'my_field' not found,2,46
5/25/2023,paintbrush,error: Field 'my_field' not found,16,83
11/4/2023,saw,error: Field 'my_field' not found,3,55
12/2/2023,saw,error: Field 'my_field' not found,18,97
10/6/2023,paintbrush,error: Field 'my_field' not found,18,88
10/20/2023,saw,error: Field 'my_field' not found,11,33
8/30/2023,paintbrush,error: Field 'my_field' not found,18,99
1/1/2024,drill,error: Field 'my_field' not found,18,39
2/28/2023,screwdriver,error: Field 'my_field' not found,5,38
9/20/2023,pliers,error: Field 'my_field' not found,9,57
7/23/2023,tape measure,error: Field 'my_field' not found,7,35
3/4/2023,nails,error: Field 'my_field' not found,5,86
12/13/2023,wrench,error: Field 'my_field' not found,10,96
2/4/2023,screwdriver,error: Field 'my_field' not found,16,62
8/28/2023,hammer,error: Field 'my_field' not found,5,66
2/26/2024,tape measure,error: Field 'my_field' not found,1,29
8/17/2023,saw,error: Field 'my_field' not found,8,87
8/21/2023,hammer,error: Field 'my_field' not found,17,26
1/2/2024,pliers,error: Field 'my_field' not found,17,98
4/28/2023,tape measure,error: Field 'my_field' not found,3,17
3/13/2023,drill,error: Field 'my_field' not found,14,30
4/26/2023,hammer,error: Field 'my_field' not found,9,29
2/5/2023,screwdriver,error: Field 'my_field' not found,16,32
11/3/2023,saw,error: Field 'my_field' not found,18,69
2/13/2023,wrench,error: Field 'my_field' not found,17,62
1/24/2024,pliers,error: Field 'my_field' not found,16,63
2/25/2024,drill,error: Field 'my_field' not found,14,3
7/13/2023,saw,error: Field 'my_field' not found,7,12
11/4/2023,tape measure,error: Field 'my_field' not found,4,43
2/17/2024,drill,error: Field 'my_field' not found,4,51
6/25/2023,pliers,error: Field 'my_field' not found,12,21
2/8/2023,drill,error: Field 'my_field' not found,17,64
2/6/2023,screwdriver,error: Field 'my_field' not found,4,92
1/27/2024,pliers,error: Field 'my_field' not found,13,93
4/2/2023,pliers,error: Field 'my_field' not found,20,60
3/10/2023,wrench,error: Field 'my_field' not found,3,29
6/2/2023,tape measure,error: Field 'my_field' not found,6,36
3/15/2023,pliers,error: Field 'my_field' not found,7,90
1/16/2024,hammer,error: Field 'my_field' not found,19,2
2/16/2024,drill,error: Field 'my_field' not found,13,59
7/6/2023,level,error: Field 'my_field' not found,5,20
5/10/2023,saw,error: Field 'my_field' not found,6,22
4/26/2023,nails,error: Field 'my_field' not found,17,22
8/15/2023,saw,error: Field 'my_field' not found,19,66
6/10/2023,saw,error: Field 'my_field' not found,3,99
11/21/2023,tape measure,error: Field 'my_field' not found,12,44
7/20/2023,saw,error: Field 'my_field' not found,17,75
9/24/2023,hammer,error: Field 'my_field' not found,20,94
9/21/2023,level,error: Field 'my_field' not found,12,46
7/16/2023,tape measure,error: Field 'my_field' not found,9,44
3/16/2023,wrench,error: Field 'my_field' not found,11,49
2/24/2023,saw,error: Field 'my_field' not found,2,39
1/5/2024,tape measure,error: Field 'my_field' not found,15,31
9/15/2023,tape measure,error: Field 'my_field' not found,8,81
8/7/2023,nails,error: Field 'my_field' not found,10,52
11/20/2023,tape measure,error: Field 'my_field' not found,15,53
2/22/2024,saw,error: Field 'my_field' not found,3,31
4/4/2023,screwdriver,error: Field 'my_field' not found,20,84
1/9/2024,level,error: Field 'my_field' not found,8,76
1/6/2024,nails,error: Field 'my_field' not found,3,23
4/27/2023,tape measure,error: Field 'my_field' not found,14,62
2/14/2023,level,error: Field 'my_field' not found,4,71
11/30/2023,paintbrush,error: Field 'my_field' not found,12,98
9/2/2023,drill,error: Field 'my_field' not found,8,52
8/11/2023,tape measure,error: Field 'my_field' not found,3,94
11/8/2023,pliers,error: Field 'my_field' not found,9,11
5/1/2023,pliers,error: Field 'my_field' not found,19,3
9/10/2023,screwdriver,error: Field 'my_field' not found,3,12
12/30/2023,saw,error: Field 'my_field' not found,2,15
1/14/2024,tape measure,error: Field 'my_field' not found,5,60
12/12/2023,drill,error: Field 'my_field' not found,8,41
2/18/2023,level,error: Field 'my_field' not found,5,42
4/24/2023,nails,error: Field 'my_field' not found,19,29
1/29/2024,paintbrush,error: Field 'my_field' not found,2,90
2/6/2023,paintbrush,error: Field 'my_field' not found,11,52
10/9/2023,drill,error: Field 'my_field' not found,15,28
12/12/2023,paintbrush,error: Field 'my_field' not found,20,61
7/7/2023,wrench,error: Field 'my_field' not found,11,34
7/21/2023,level,error: Field 'my_field' not found,11,60
4/15/2023,nails,error: Field 'my_field' not found,18,45
12/23/2023,paintbrush,error: Field 'my_field' not found,4,98
6/18/2023,tape measure,error: Field 'my_field' not found,9,25
2/5/2023,wrench,error: Field 'my_field' not found,13,50
11/3/2023,saw,error: Field 'my_field' not found,16,69
7/10/2023,tape measure,error: Field 'my_field' not found,5,84
8/13/2023,hammer,error: Field 'my_field' not found,17,57
9/6/2023,paintbrush,error: Field 'my_field' not found,11,62
